alt,mach,engine_scale
20,0,10/8.7
40,0,10/7.4
60,0,10/6.4
80,0,10/5.5
100,0,10/4.6
120,0,10/3.8
140,0,10/3.3
160,0,10/2.75
180,0,10/2.25
200,0,10/1.86
240,0,10/1.27
280,0,10/0.86
320,0,10/0.57
60,0.5,10/7.6
60,0.8,10/9.8
60,1.0,10/12.1
60,1.2,10/15.5
60,1.5,10/23.5
60,1.8,10/36.7
150,0.5,10/3.55
150,0.8,10/4.6
150,1.0,10/6.0
150,1.4,10/9.6
150,1.8,10/17.2
150,2.0,10/23.5
220,0.5,10/1.82
220,0.8,10/2.35
220,1.0,10/3.2
220,1.4,10/4.9
220,1.8,10/8.9
220,2.0,10/12.1
300,0.5,10/0.84
300,0.8,10/1.08
300,1.2,10/1.72
300,1.6,10/3.05
300,2.0,10/5.6